id;
f7f4962c-d2a6-4d30-bea4-c928f7642e94;
949b73f5-7270-4c8f-82e6-6f2907b1e1d6;
09807123-39d2-468c-922d-675262add44b;
ae2a99c0-c4f7-4b6c-a4ca-9f857a593bc7;
9b205a67-2b03-4418-97cd-7dd5ccf8208a;
d85c47d3-63de-4db7-b79d-a7b1aaf3c4aa;
e8d6561b-cb25-4a86-a5e5-d2ce0e62b6a6;
26034dfd-a91a-47db-848a-1d379869a6d3;
b83e962c-2d7c-47e6-97d8-fb66aad0a088;
3f25767e-b0d9-4795-9184-87556bb74b09;
8ce932b7-f871-4865-9738-690674822130;
00bedf04-5f05-4e4f-a7ef-01e793b3d8f7;
5d0624ec-6d42-4f80-8766-826661a9658a;
1ff5ac54-e4e9-4de1-afb2-b8fc397dcead;
af6c07e1-9b37-4f2d-b492-2f4ebeeb26ee;
5e672378-ef9a-478b-b238-29e70a99d455;
3269eeab-07e0-4a2b-bbd4-51cbb57c7e8b;
e060b4e3-e5d1-457b-8d17-c8069ac77e9b;
1079c7bd-3a0c-4df2-810c-b64d293eebae;
7f7a4dfb-c158-4a1a-a2d4-45b3fcafc6b4;
680d28f1-9161-4359-b7e9-7179a8cfc768;
8d9e0a5a-7a3d-42c7-a916-35bcfba5b9b2;
6d407e05-2876-44ff-9d10-83e32a2fba52;
5487c850-f658-4580-a471-d6c7dd3cf0a7;
cd558d78-c34e-47dd-8079-602839cca2e0;
f14b01d9-abe5-4fb2-98da-dc38effadf53;
ad012253-2ee7-42c8-a1ad-471334746938;
bf96d4e3-3ca0-4d1b-8058-570be8bdd87f;
346c07d3-e81c-43e5-961e-5876648db2e0;
9c94ec24-4ab5-49e1-a423-fc9b5793f3af;
bb2dc461-4d1b-48b9-bea6-b65c7e6e0e52;
d081fa3f-8d14-45d6-a4d7-93f5bdf64a77;
26031e20-48d5-4085-bf9c-7a0ee926aa9d;
de9fdfe4-350e-4d51-b8b7-34097862a4d7;
1955c0d3-e394-4f09-a1ee-3e7afd5afe00;
117cb945-b94b-4f4e-a719-642f1684cda9;
958fd106-2beb-423c-a32f-444a9d4a9e27;
51ae888b-264d-4e80-8aea-bd27c18ebc6b;
53dc1708-bd2a-4cb1-b5d6-62049167432f;
4e39eca6-462e-4fd1-9499-2e05d1d02133;
7e8028cd-554c-4bf5-a8f3-5fb6e3f12cf1;
b3b2a956-3169-48ad-8db7-33536dd80cca;
52444b8c-3aac-4e2a-9790-a68db0028206;
d9d1dda8-dfa9-476d-86b5-77de770aff14;
e8247504-9924-4012-b915-45be412f07db;
db25e331-c64f-448d-831c-2e4a365659a9;
58c3b2ed-22b7-4db2-b40d-38cdfdf6fb0a;
9dd23974-ab63-4eff-ab75-a38f1eed098f;
0192b034-2d68-4473-a1d5-bd50d23e25bc;
0585d17e-708c-4cd8-84c4-93467a289d7e;
dc9a0d5e-376e-4475-abcb-f157d9fce268;
984895e3-da71-44b3-b439-f93e7038c8a8;
3f630f02-0bc9-4253-82c6-0f0f7be581c1;
788d5f47-a3e4-44f1-b0e9-a8f5a45e1f1b;
0d9cd6b1-1323-461b-92cb-784c9d0ed680;
75a99a0c-5bb1-447a-9201-baf6f5c9b4a8;
b8813256-63a6-4013-9913-891686c6a907;
a9e0d89e-340e-400b-a789-cb7687ede514;
63a10915-e98b-4598-a212-06858ff206b4;
1e3af184-1a54-46de-8fb7-e5ed2b350d03;
d925b987-a4be-4a61-aa5c-75914e144287;
001264f9-e389-4964-98d1-a0379222c406;
c3c71344-fe9d-46b1-a1e9-08f1aa8fa62c;
8dfe0f7c-4928-4dac-a07d-41e1ca767087;
a58a5d98-f862-4919-a022-82f83d44871a;
0058e0e0-c143-42a7-9098-204fb707cf89;
437a91cc-95ea-4b29-9d02-95426c5ded6e;
afc96510-b309-4f43-b9da-5367466c4e48;
e29c4547-b522-45f9-9c4b-75c0bb11924d;
421b342c-ee23-4881-bdd4-739ec7688e35;
c1a7f1a8-5225-4250-8ee8-e989195b45ac;
f641c41a-cb3f-4096-961a-362097da3200;
56aae491-b935-4f7c-98fa-2a28842ad394;
facccee6-fdfb-4cb2-bad2-68e5b3576500;
bd99fecb-8ae5-4461-a064-df7e207b264c;
873e2351-75ba-4c09-a6dc-d472d33bf5d6;
5917cd95-564b-4537-8d16-9e9bf34ef7f0;
e523ff3e-d814-4bce-b0a2-eb7e4ebc35b7;
f16a133d-1649-42c7-b89d-2b17f34b8545;
141a4f19-24b7-4066-b197-fe8d0ac4b8b0;
67dc17ed-a94d-4acf-a29c-6771584376b0;
0700ee1d-456a-4641-909e-7b72d7c7d1c0;
1a6f84bf-1eb3-4d0c-9444-44cdef1c1c6c;
eb0afcdf-0f3a-4b89-bc0a-6a8acc7b9e83;
91b5ea8e-36ce-47d4-a35a-d6f0e61e5a8a;
daa09f13-0ba4-4511-a105-0e612ca11603;
3068fe74-e9fc-40ac-9674-e0bef4f83083;
495fba4a-1d12-48bf-8292-5e357862c718;
3e9d5489-2ff0-4145-80e6-78f8b6c07161;
b46d01fb-307d-43a9-a048-af5f9d0ceea3;
591e9845-c064-496b-bb98-a78e3d6c724d;
42575ec6-de5d-422d-92bd-a46f1c9219c7;
c14fdacf-e08e-4840-b9c8-25ebcc17df7e;
7a5fdbf8-c658-4085-9754-4280c919cdef;
ae213344-27c1-4db6-839a-9ff4e59d389b;
a51ee158-4c76-404a-9b08-d73e9b1a1b40;
1a940e45-0b66-4604-bab1-2bc4ddd04623;
1eff4b81-1254-492d-b33e-99e32b19aa96;
7b132974-038a-451b-a254-61461c177266;
a092cc99-5362-47f3-85d8-9279fe411ec7;
240c7cd1-c130-46e0-b968-1726b4c89d63;
f0b892b6-56c5-4051-8b9d-966c5fab1414;
